1   samsung_galaxy_s6-6_0_0	native_android	3	11	2017-03-02 15:18:44	NULL	00:18:28	https://jenkins.iloffice.myhrtg.net:8080/job/Mobile_Automation_Base/1016/artifact/trunk/tests/Watir/tmp/final_report/final_report.html	NULL	Mobile_Automation_Base	NULL	NULL	NULL	NULL	0	NULL	NULL	1108	1
2	desktop	chrome	3	57	2017-03-02 08:23:12	NULL	00:14:54	https://jenkins.iloffice.myhrtg.net:8080/job/QA_Base_Job/20579/artifact/trunk/tests/Watir/tmp/final_report/final_report.html	NULL	QA_any_device_any_configuration	NULL	NULL	NULL	NULL	0	NULL	NULL	894	1
3	desktop	chrome	3	652	2017-03-02 08:58:08	NULL	01:33:03	https://jenkins.iloffice.myhrtg.net:8080/job/QA_Base_Job/20581/artifact/trunk/tests/Watir/tmp/final_report/final_report.html	NULL	QA_any_device_any_configuration	NULL	NULL	NULL	NULL	0	NULL	NULL	5583	1
4	iPhone_6-10_2	native_ios	3	13	2017-03-02 17:38:30	NULL	00:14:58	https://jenkins.iloffice.myhrtg.net:8080/job/Mobile_Automation_Base/1017/artifact/trunk/tests/Watir/tmp/final_report/final_report.html	NULL	Mobile_Automation_Base	NULL	NULL	NULL	NULL	0	NULL	NULL	898	1
5	desktop	chrome	3	198	2017-03-02 09:44:03	NULL	00:31:51	https://jenkins.iloffice.myhrtg.net:8080/job/QA_Base_Job/20582/artifact/trunk/tests/Watir/tmp/final_report/final_report.html	NULL	QA_any_device_any_configuration	NULL	NULL	NULL	NULL	0	NULL	NULL	1911	1
6	desktop	chrome	1	1	2017-03-04 01:57:46	NULL	00:01:15	https://jenkins.iloffice.myhrtg.net:8080/job/Run_With_Patch/1294/artifact/trunk/tests/Watir/tmp/final_report/final_report.html	NULL	Run_With_Patch	NULL	NULL	NULL	NULL	0	NULL	NULL	75	1
7	desktop	chrome	1	1	2017-03-04 02:01:56	NULL	00:00:55	https://jenkins.iloffice.myhrtg.net:8080/job/Run_With_Patch/1295/artifact/trunk/tests/Watir/tmp/final_report/final_report.html	NULL	Run_With_Patch	NULL	NULL	NULL	NULL	0	NULL	NULL	55	1
8	desktop	chrome	1	1	2017-03-04 07:05:16	NULL	00:01:01	https://jenkins.iloffice.myhrtg.net:8080/job/Run_With_Patch/1296/artifact/trunk/tests/Watir/tmp/final_report/final_report.html	NULL	Run_With_Patch	NULL	NULL	NULL	NULL	0	NULL	NULL	61	1
9	desktop	chrome	3	198	2017-03-05 02:13:16	NULL	00:33:43	https://jenkins.iloffice.myhrtg.net:8080/job/QA_Base_Job/20622/artifact/trunk/tests/Watir/tmp/final_report/final_report.html	NULL	QA_any_device_any_configuration	NULL	NULL	NULL	NULL	0	NULL	NULL	2023	1
10	desktop	chrome	3	646	2017-03-05 02:38:18	NULL	00:55:11	https://jenkins.iloffice.myhrtg.net:8080/job/Run_With_Patch/1297/artifact/trunk/tests/Watir/tmp/final_report/final_report.html	NULL	Run_With_Patch	NULL	NULL	NULL	NULL	0	NULL	NULL	3311	1
212002	iphone_x	chrome	2	4	2023-09-08 10:33:09	NULL	NULL	https://jenkins-ci.aws-use1.build.myhrtg.net:8080/job/QA_Automations/job/remote_post_dist/21678/HTML-Report-iphone_x-chrome-0	21678	remote_post_dist	CD_AUTOMATION	prod	@cd_post_dist%@mobile_embed,~@wip	EC2QA_Automation-cd_linuxi-01de794526eb472a0	0	cd	15	39	1
212003	desktop	chrome	2	81	2023-09-08 10:41:30	NULL	NULL	https://jenkins-ci.aws-use1.build.myhrtg.net:8080/job/QA_Automations/job/remote_pre_dist_on_ec2/22701/HTML-Report-desktop-chrome-0	22701	remote_pre_dist_on_ec2	CD_AUTOMATION	canary-web-12.aws-use1.app.myhrtg.net_canary-utils-12.aws-use1.app.myhrtg.net	@cd_pre_dist,~@wip	EC2QA_Automation-cd_linuxi-01de794526eb472a0	0	cd	43	73	1
212004	desktop	chrome	2	114	2023-09-08 11:00:55	NULL	NULL	https://jenkins-ci.aws-use1.build.myhrtg.net:8080/job/QA_Automations/job/remote_post_dist/21679/HTML-Report-desktop-chrome-0	21679	remote_post_dist	CD_AUTOMATION	prod	@cd_post_dist,~@wip	EC2QA_Automation-cd_linuxi-01de794526eb472a0	0	cd	90	106	1
212005	iphone_x	chrome	2	4	2023-09-08 11:02:51	NULL	NULL	https://jenkins-ci.aws-use1.build.myhrtg.net:8080/job/QA_Automations/job/remote_post_dist/21679/HTML-Report-iphone_x-chrome-0	21679	remote_post_dist	CD_AUTOMATION	prod	@cd_post_dist%@mobile_embed,~@wip	EC2QA_Automation-cd_linuxi-01de794526eb472a0	0	cd	15	37	1
212006	desktop	chrome	3	1024	2023-09-08 11:16:31	NULL	NULL	https://jenkins-ci.aws-use1.build.myhrtg.net:8080/job/QA_Automations/job/Deploy_And_Run/32309/HTML-Report-desktop-chrome-0	32309	Deploy_And_Run	andrii.izbytskyi	webrc-11	@cd_all,@content,@supersearch,~@wip	EC2QA_Automation-linuxi-0c48ddcca5130622e	0	manual	289	1078	1
212007	iphone_x	chrome	3	268	2023-09-08 11:34:40	NULL	NULL	https://jenkins-ci.aws-use1.build.myhrtg.net:8080/job/QA_Automations/job/Deploy_And_Run/32309/HTML-Report-iphone_x-chrome-0	32309	Deploy_And_Run	andrii.izbytskyi	webrc-11	@cd_all,@content,@supersearch,~@wip	EC2QA_Automation-linuxi-0c48ddcca5130622e	0	manual	124	513	1
212008	desktop	chrome	3	34	2023-09-08 11:44:15	NULL	NULL	https://jenkins-ci.aws-use1.build.myhrtg.net:8080/job/QA_Automations/job/QA_Automations_Configurable/26752/HTML-Report-desktop-chrome-0	26752	QA_Automations_Configurable	kateryna.ushakova	prod	@photo_tagger,~@wip	EC2QA_Automation-linuxi-0c48ddcca5130622e	0	manual	139	385	1
212009	desktop	chrome	3	1	2023-09-08 11:46:05	NULL	NULL	https://jenkins-ci.aws-use1.build.myhrtg.net:8080/job/QA_Automations/job/QA_Automations_Configurable/26753/HTML-Report-desktop-chrome-0	26753	QA_Automations_Configurable	andrii.izbytskyi	prod	@ai,~@wip	EC2QA_Automation-linuxi-0f830f4c5ec6eb63d	0	manual	100	101	1
212010	desktop	chrome	3	105	2023-09-08 11:47:58	NULL	NULL	https://jenkins-ci.aws-use1.build.myhrtg.net:8080/job/QA_Automations/job/Deploy_And_Run/32312/HTML-Report-desktop-chrome-0	32312	Deploy_And_Run	andrii.izbytskyi	webrc-11	@cd_all,~@wip	EC2QA_Automation-linuxi-0f830f4c5ec6eb63d	0	manual	90	149	1
212011	ipad_current	chrome	3	12	2023-09-08 11:53:05	NULL	NULL	https://jenkins-ci.aws-use1.build.myhrtg.net:8080/job/QA_Automations/job/QA_Automations_Configurable/26752/HTML-Report-ipad_current-chrome-0	26752	QA_Automations_Configurable	kateryna.ushakova	prod	@photo_tagger,~@wip	EC2QA_Automation-linuxi-05f77d1968fef337a	0	manual	159	476	1
212012	desktop	chrome	3	76	2023-09-08 11:54:21	NULL	NULL	https://jenkins-ci.aws-use1.build.myhrtg.net:8080/job/QA_Automations/job/Deploy_And_Run/32313/HTML-Report-desktop-chrome-0	32313	Deploy_And_Run	andrii.izbytskyi	webrc-12	scenario_path	EC2QA_Automation-linuxi-0c48ddcca5130622e	0	manual	NULL	319	1
212013	android_phone	chrome	3	18	2023-09-08 12:01:58	NULL	NULL	https://jenkins-ci.aws-use1.build.myhrtg.net:8080/job/QA_Automations/job/QA_Automations_Configurable/26752/HTML-Report-android_phone-chrome-0	26752	QA_Automations_Configurable	kateryna.ushakova	prod	@photo_tagger,~@wip	EC2QA_Automation-linuxi-05f77d1968fef337a	0	manual	168	448	1
212014	iphone_x	chrome	3	18	2023-09-08 12:09:45	NULL	NULL	https://jenkins-ci.aws-use1.build.myhrtg.net:8080/job/QA_Automations/job/QA_Automations_Configurable/26752/HTML-Report-iphone_x-chrome-0	26752	QA_Automations_Configurable	kateryna.ushakova	prod	@photo_tagger,~@wip	EC2QA_Automation-linuxi-05f77d1968fef337a	0	manual	179	241	1
212015	iphone_x	chrome	3	1	2023-09-08 12:09:27	NULL	NULL	https://jenkins-ci.aws-use1.build.myhrtg.net:8080/job/QA_Automations/job/QA_Automations_Configurable/26754/HTML-Report-iphone_x-chrome-0	26754	QA_Automations_Configurable	andrii.izbytskyi	prod	scenario_path	EC2QA_Automation-linuxi-0f830f4c5ec6eb63d	0	manual	NULL	79	1
212016	desktop	chrome	4	4630	2023-09-08 12:00:16	NULL	NULL	https://jenkins-ci.aws-use1.build.myhrtg.net:8080/job/QA_Automations/job/QA_Daily_Run/2683/HTML-Report-desktop-chrome-0	2683	QA_Daily_Run	Daily_Automations	prod	@full,~@wip	EC2QA_Automation-linuxi-0c48ddcca5130622e	0	mid-day	7110	8999	1
212017	iphone_x	chrome	3	1	2023-09-08 12:12:58	NULL	NULL	https://jenkins-ci.aws-use1.build.myhrtg.net:8080/job/QA_Automations/job/Deploy_And_Run/32314/HTML-Report-iphone_x-chrome-0	32314	Deploy_And_Run	andrii.izbytskyi	webrc-11	scenario_path	EC2QA_Automation-linuxi-0f830f4c5ec6eb63d	0	manual	NULL	67	1
212018	desktop	chrome	3	115	2023-09-08 12:14:30	NULL	NULL	https://jenkins-ci.aws-use1.build.myhrtg.net:8080/job/QA_Automations/job/QA_Automations_Configurable/26755/HTML-Report-desktop-chrome-0	26755	QA_Automations_Configurable	kateryna.ushakova	prod	@cd_all,~@wip	EC2QA_Automation-linuxi-0f830f4c5ec6eb63d	0	manual	91	110	1
212019	ipad_current	chrome	3	16	2023-09-08 12:16:33	NULL	NULL	https://jenkins-ci.aws-use1.build.myhrtg.net:8080/job/QA_Automations/job/QA_Automations_Configurable/26755/HTML-Report-ipad_current-chrome-0	26755	QA_Automations_Configurable	kateryna.ushakova	prod	@cd_all,~@wip	EC2QA_Automation-linuxi-05f77d1968fef337a	0	manual	46	68	1
212020	ipad_current_portrait	chrome	3	16	2023-09-08 12:17:53	NULL	NULL	https://jenkins-ci.aws-use1.build.myhrtg.net:8080/job/QA_Automations/job/QA_Automations_Configurable/26755/HTML-Report-ipad_current_portrait-chrome-0	26755	QA_Automations_Configurable	kateryna.ushakova	prod	@cd_all,~@wip	EC2QA_Automation-linuxi-0f830f4c5ec6eb63d	0	manual	47	72	1
212021	android_phone	chrome	3	17	2023-09-08 12:19:17	NULL	NULL	https://jenkins-ci.aws-use1.build.myhrtg.net:8080/job/QA_Automations/job/QA_Automations_Configurable/26755/HTML-Report-android_phone-chrome-0	26755	QA_Automations_Configurable	kateryna.ushakova	prod	@cd_all,~@wip	EC2QA_Automation-linuxi-05f77d1968fef337a	0	manual	49	81	1
212022	iphone_x	chrome	3	17	2023-09-08 12:20:53	NULL	NULL	https://jenkins-ci.aws-use1.build.myhrtg.net:8080/job/QA_Automations/job/QA_Automations_Configurable/26755/HTML-Report-iphone_x-chrome-0	26755	QA_Automations_Configurable	kateryna.ushakova	prod	@cd_all,~@wip	EC2QA_Automation-linuxi-05f77d1968fef337a	0	manual	45	75	1
212023	desktop	chrome	2	24	2023-09-08 12:27:23	NULL	NULL	https://jenkins-ci.aws-use1.build.myhrtg.net:8080/job/QA_Automations/job/Old_News/job/Old_News_Pre_Dist/192/HTML-Report-desktop-chrome-0	192	Old_News_Pre_Dist	CD_AUTOMATION	prod	@cd_oldnews,~@wip	EC2QA_Automation-cd_linuxi-0de4e6700bafc74e8	0	cd	11	107	1
212024	desktop	chrome	2	24	2023-09-08 12:30:01	NULL	NULL	https://jenkins-ci.aws-use1.build.myhrtg.net:8080/job/QA_Automations/job/Old_News/job/Old_News_Post_Dist/128/HTML-Report-desktop-chrome-0	128	Old_News_Post_Dist	CD_AUTOMATION	prod	@cd_post_dist_oldnews,~@wip	EC2QA_Automation-cd_linuxi-0de4e6700bafc74e8	0	cd	11	42	1
212025	iphone_x	chrome	3	1	2023-09-08 12:41:59	NULL	NULL	https://jenkins-ci.aws-use1.build.myhrtg.net:8080/job/QA_Automations/job/Deploy_And_Run/32316/HTML-Report-iphone_x-chrome-0	32316	Deploy_And_Run	andrii.izbytskyi	webrc-12	scenario_path	EC2QA_Automation-linuxi-05f77d1968fef337a	0	manual	NULL	132	1
212026	desktop	chrome	3	75	2023-09-08 12:45:56	NULL	NULL	https://jenkins-ci.aws-use1.build.myhrtg.net:8080/job/QA_Automations/job/Deploy_And_Run/32315/HTML-Report-desktop-chrome-0	32315	Deploy_And_Run	andrii.izbytskyi	webrc-11	scenario_path	EC2QA_Automation-linuxi-05f77d1968fef337a	0	manual	NULL	410	1
212027	desktop	chrome	3	105	2023-09-08 12:49:28	NULL	NULL	https://jenkins-ci.aws-use1.build.myhrtg.net:8080/job/QA_Automations/job/Deploy_And_Run/32318/HTML-Report-desktop-chrome-0	32318	Deploy_And_Run	victor.boginskiy	webrc-13	@cd_all,~@wip	EC2QA_Automation-linuxi-0f830f4c5ec6eb63d	0	manual	90	125	1
212028	iphone_x	chrome	3	1	2023-09-08 12:53:28	NULL	NULL	https://jenkins-ci.aws-use1.build.myhrtg.net:8080/job/QA_Automations/job/Deploy_And_Run/32317/HTML-Report-iphone_x-chrome-0	32317	Deploy_And_Run	andrii.izbytskyi	webrc-12	scenario_path	EC2QA_Automation-linuxi-01f64b7bff1ffccd8	0	manual	NULL	186	1
212029	desktop	chrome	2	81	2023-09-08 12:57:39	NULL	NULL	https://jenkins-ci.aws-use1.build.myhrtg.net:8080/job/QA_Automations/job/remote_pre_dist_on_ec2/22702/HTML-Report-desktop-chrome-0	22702	remote_pre_dist_on_ec2	CD_AUTOMATION	canary-web-12.aws-use1.app.myhrtg.net_canary-utils-12.aws-use1.app.myhrtg.net	@cd_pre_dist,~@wip	EC2QA_Automation-cd_linuxi-0de4e6700bafc74e8	0	cd	43	70	1
212030	desktop	chrome	2	114	2023-09-08 13:07:32	NULL	NULL	https://jenkins-ci.aws-use1.build.myhrtg.net:8080/job/QA_Automations/job/remote_post_dist/21680/HTML-Report-desktop-chrome-0	21680	remote_post_dist	CD_AUTOMATION	prod	@cd_post_dist,~@wip	EC2QA_Automation-cd_linuxi-0de4e6700bafc74e8	0	cd	90	107	1
212031	iphone_x	chrome	2	4	2023-09-08 13:09:29	NULL	NULL	https://jenkins-ci.aws-use1.build.myhrtg.net:8080/job/QA_Automations/job/remote_post_dist/21680/HTML-Report-iphone_x-chrome-0	21680	remote_post_dist	CD_AUTOMATION	prod	@cd_post_dist%@mobile_embed,~@wip	EC2QA_Automation-cd_linuxi-0de4e6700bafc74e8	0	cd	15	37	1
212032	desktop	chrome	3	2	2023-09-08 13:36:36	NULL	NULL	https://jenkins-ci.aws-use1.build.myhrtg.net:8080/job/QA_Automations/job/Deploy_And_Run/32319/HTML-Report-desktop-chrome-0	32319	Deploy_And_Run	victor.boginskiy	webrc-11	scenario_path	EC2QA_Automation-linuxi-05efef732e1b17f17	0	manual	NULL	135	1
212033	desktop	chrome	2	81	2023-09-08 13:49:40	NULL	NULL	https://jenkins-ci.aws-use1.build.myhrtg.net:8080/job/QA_Automations/job/remote_pre_dist_on_ec2/22703/HTML-Report-desktop-chrome-0	22703	remote_pre_dist_on_ec2	CD_AUTOMATION	canary-web-12.aws-use1.app.myhrtg.net_canary-utils-12.aws-use1.app.myhrtg.net	@cd_pre_dist,~@wip	EC2QA_Automation-cd_linuxi-0de4e6700bafc74e8	0	cd	43	73	1
212034	desktop	chrome	2	114	2023-09-08 14:00:58	NULL	NULL	https://jenkins-ci.aws-use1.build.myhrtg.net:8080/job/QA_Automations/job/remote_post_dist/21681/HTML-Report-desktop-chrome-0	21681	remote_post_dist	CD_AUTOMATION	prod	@cd_post_dist,~@wip	EC2QA_Automation-cd_linuxi-0de4e6700bafc74e8	0	cd	90	112	1
212035	iphone_x	chrome	2	4	2023-09-08 14:02:59	NULL	NULL	https://jenkins-ci.aws-use1.build.myhrtg.net:8080/job/QA_Automations/job/remote_post_dist/21681/HTML-Report-iphone_x-chrome-0	21681	remote_post_dist	CD_AUTOMATION	prod	@cd_post_dist%@mobile_embed,~@wip	EC2QA_Automation-cd_linuxi-0de4e6700bafc74e8	0	cd	15	33	1
212036	desktop	chrome	2	81	2023-09-08 14:10:45	NULL	NULL	https://jenkins-ci.aws-use1.build.myhrtg.net:8080/job/QA_Automations/job/remote_pre_dist_on_ec2/22704/HTML-Report-desktop-chrome-0	22704	remote_pre_dist_on_ec2	CD_AUTOMATION	canary-web-12.aws-use1.app.myhrtg.net_canary-utils-12.aws-use1.app.myhrtg.net	@cd_pre_dist,~@wip	EC2QA_Automation-cd_linuxi-0de4e6700bafc74e8	0	cd	43	94	1
212037	desktop	chrome	2	114	2023-09-08 14:22:15	NULL	NULL	https://jenkins-ci.aws-use1.build.myhrtg.net:8080/job/QA_Automations/job/remote_post_dist/21682/HTML-Report-desktop-chrome-0	21682	remote_post_dist	CD_AUTOMATION	prod	@cd_post_dist,~@wip	EC2QA_Automation-cd_linuxi-0de4e6700bafc74e8	0	cd	90	106	1
212038	iphone_x	chrome	2	4	2023-09-08 14:24:09	NULL	NULL	https://jenkins-ci.aws-use1.build.myhrtg.net:8080/job/QA_Automations/job/remote_post_dist/21682/HTML-Report-iphone_x-chrome-0	21682	remote_post_dist	CD_AUTOMATION	prod	@cd_post_dist%@mobile_embed,~@wip	EC2QA_Automation-cd_linuxi-0de4e6700bafc74e8	0	cd	15	37	1
212039	desktop	chrome	3	920	2023-09-08 14:45:10	NULL	NULL	https://jenkins-ci.aws-use1.build.myhrtg.net:8080/job/QA_Automations/job/Deploy_And_Run/32321/HTML-Report-desktop-chrome-0	32321	Deploy_And_Run	andrii.shcherbiak	webrc-12	@content,~@wip	EC2QA_Automation-linuxi-0c48ddcca5130622e	0	manual	248	878	1
212040	desktop	chrome	2	81	2023-09-08 14:51:41	NULL	NULL	https://jenkins-ci.aws-use1.build.myhrtg.net:8080/job/QA_Automations/job/remote_pre_dist_on_ec2/22705/HTML-Report-desktop-chrome-0	22705	remote_pre_dist_on_ec2	CD_AUTOMATION	canary-web-12.aws-use1.app.myhrtg.net_canary-utils-12.aws-use1.app.myhrtg.net	@cd_pre_dist,~@wip	EC2QA_Automation-cd_linuxi-0de4e6700bafc74e8	0	cd	43	73	1
212041	desktop	chrome	3	2025	2023-09-08 14:53:02	NULL	NULL	https://jenkins-ci.aws-use1.build.myhrtg.net:8080/job/QA_Automations/job/Multi_Run/4184/HTML-Report-desktop-chrome-1	4184	Multi_Run	yevhen.perevera	prod	@cd,~@wip	EC2QA_Automation-linuxi-0cbca758e9177a7b7	0	manual	NULL	NULL	1
212042	desktop	chrome	3	225	2023-09-08 14:55:17	NULL	NULL	https://jenkins-ci.aws-use1.build.myhrtg.net:8080/job/QA_Automations/job/Multi_Run/4185/HTML-Report-desktop-chrome-1	4185	Multi_Run	kateryna.ushakova	prod	@in_range_multi,~@wip	EC2QA_Automation-linuxi-0aa12e34996ee78f9	0	manual	NULL	1365	1
212043	ipad_current	chrome	3	29	2023-09-08 14:55:17	NULL	NULL	https://jenkins-ci.aws-use1.build.myhrtg.net:8080/job/QA_Automations/job/Deploy_And_Run/32323/HTML-Report-ipad_current-chrome-0	32323	Deploy_And_Run	andrii.izbytskyi	webrc-11	scenario_path	EC2QA_Automation-linuxi-047cc13f1b6caa1cc	0	manual	NULL	383	1
212044	iphone6_current	chrome	3	12	2023-09-08 14:56:34	NULL	NULL	https://jenkins-ci.aws-use1.build.myhrtg.net:8080/job/QA_Automations/job/Deploy_And_Run/32324/HTML-Report-iphone6_current-chrome-0	32324	Deploy_And_Run	andrii.izbytskyi	webrc-13	scenario_path	EC2QA_Automation-linuxi-0c065e9a1b70b3c87	0	manual	NULL	268	1
212046	desktop	chrome	3	50	2023-09-08 14:59:31	NULL	NULL	https://jenkins-ci.aws-use1.build.myhrtg.net:8080/job/QA_Automations/job/Multi_Run/4186/HTML-Report-desktop-chrome-1	4186	Multi_Run	yevhen.perevera	prod	@eugene,~@wip	EC2QA_Automation-linuxi-064d81b4f29d0edf9	0	manual	NULL	103	1
212047	ipad_current	chrome	3	678	2023-09-08 15:00:01	NULL	NULL	https://jenkins-ci.aws-use1.build.myhrtg.net:8080/job/QA_Automations/job/Deploy_And_Run/32321/HTML-Report-ipad_current-chrome-0	32321	Deploy_And_Run	andrii.shcherbiak	webrc-12	@content,~@wip	EC2QA_Automation-linuxi-0c48ddcca5130622e	0	manual	198	857	1
212048	desktop	chrome	3	50	2023-09-08 15:03:01	NULL	NULL	https://jenkins-ci.aws-use1.build.myhrtg.net:8080/job/QA_Automations/job/Multi_Run/4187/HTML-Report-desktop-chrome-1	4187	Multi_Run	yevhen.perevera	prod	@eugene,~@wip	EC2QA_Automation-linuxi-064d81b4f29d0edf9	0	manual	NULL	77	1
212049	desktop	chrome	2	114	2023-09-08 15:03:13	NULL	NULL	https://jenkins-ci.aws-use1.build.myhrtg.net:8080/job/QA_Automations/job/remote_post_dist/21683/HTML-Report-desktop-chrome-0	21683	remote_post_dist	CD_AUTOMATION	prod	@cd_post_dist,~@wip	EC2QA_Automation-cd_linuxi-0de4e6700bafc74e8	0	cd	90	104	1
212050	desktop	chrome	3	50	2023-09-08 15:04:32	NULL	NULL	https://jenkins-ci.aws-use1.build.myhrtg.net:8080/job/QA_Automations/job/Multi_Run/4187/HTML-Report-desktop-chrome-2	4187	Multi_Run	yevhen.perevera	prod	@eugene,~@wip	EC2QA_Automation-linuxi-0c065e9a1b70b3c87	0	manual	NULL	865	1
212051	iphone_x	chrome	2	4	2023-09-08 15:05:05	NULL	NULL	https://jenkins-ci.aws-use1.build.myhrtg.net:8080/job/QA_Automations/job/remote_post_dist/21683/HTML-Report-iphone_x-chrome-0	21683	remote_post_dist	CD_AUTOMATION	prod	@cd_post_dist%@mobile_embed,~@wip	EC2QA_Automation-cd_linuxi-0de4e6700bafc74e8	0	cd	15	33	1
212052	iphone_x	chrome	3	247	2023-09-08 15:14:32	NULL	NULL	https://jenkins-ci.aws-use1.build.myhrtg.net:8080/job/QA_Automations/job/Deploy_And_Run/32321/HTML-Report-iphone_x-chrome-0	32321	Deploy_And_Run	andrii.shcherbiak	webrc-12	@content,~@wip	EC2QA_Automation-linuxi-064d81b4f29d0edf9	0	manual	110	414	1
212053	desktop	chrome	3	45	2023-09-08 15:18:26	NULL	NULL	https://jenkins-ci.aws-use1.build.myhrtg.net:8080/job/QA_Automations/job/Multi_Run/4185/HTML-Report-desktop-chrome-2	4185	Multi_Run	kateryna.ushakova	prod	@in_range_multi,~@wip	EC2QA_Automation-linuxi-047cc13f1b6caa1cc	0	manual	NULL	256	1
212054	desktop	chrome	3	50	2023-09-08 15:19:13	NULL	NULL	https://jenkins-ci.aws-use1.build.myhrtg.net:8080/job/QA_Automations/job/Multi_Run/4187/HTML-Report-desktop-chrome-3	4187	Multi_Run	yevhen.perevera	prod	@eugene,~@wip	EC2QA_Automation-linuxi-0aa12e34996ee78f9	0	manual	NULL	69	1
212055	desktop	chrome	3	50	2023-09-08 15:19:26	NULL	NULL	https://jenkins-ci.aws-use1.build.myhrtg.net:8080/job/QA_Automations/job/Multi_Run/4188/HTML-Report-desktop-chrome-1	4188	Multi_Run	yevhen.perevera	prod	@eugene,~@wip	EC2QA_Automation-linuxi-0c48ddcca5130622e	0	manual	NULL	75	1
212056	desktop	chrome	3	50	2023-09-08 15:20:50	NULL	NULL	https://jenkins-ci.aws-use1.build.myhrtg.net:8080/job/QA_Automations/job/Multi_Run/4188/HTML-Report-desktop-chrome-2	4188	Multi_Run	yevhen.perevera	prod	@eugene,~@wip	EC2QA_Automation-linuxi-0c48ddcca5130622e	0	manual	NULL	77	1
212057	ipad_current	chrome	3	225	2023-09-08 15:22:55	NULL	NULL	https://jenkins-ci.aws-use1.build.myhrtg.net:8080/job/QA_Automations/job/Multi_Run/4185/HTML-Report-ipad_current-chrome-1	4185	Multi_Run	kateryna.ushakova	prod	@in_range_multi,~@wip	EC2QA_Automation-linuxi-064d81b4f29d0edf9	0	manual	NULL	1484	1
212058	desktop	chrome	3	50	2023-09-08 15:24:35	NULL	NULL	https://jenkins-ci.aws-use1.build.myhrtg.net:8080/job/QA_Automations/job/Multi_Run/4188/HTML-Report-desktop-chrome-3	4188	Multi_Run	yevhen.perevera	prod	@eugene,~@wip	EC2QA_Automation-linuxi-0e37d839969bd22ec	0	manual	NULL	145	1
212059	desktop	chrome	3	50	2023-09-08 15:27:11	NULL	NULL	https://jenkins-ci.aws-use1.build.myhrtg.net:8080/job/QA_Automations/job/Multi_Run/4188/HTML-Report-desktop-chrome-4	4188	Multi_Run	yevhen.perevera	prod	@eugene,~@wip	EC2QA_Automation-linuxi-0e37d839969bd22ec	0	manual	NULL	81	1
212060	desktop	chrome	3	50	2023-09-08 15:29:42	NULL	NULL	https://jenkins-ci.aws-use1.build.myhrtg.net:8080/job/QA_Automations/job/Multi_Run/4189/HTML-Report-desktop-chrome-1	4189	Multi_Run	yevhen.perevera	prod	@eugene,~@wip	EC2QA_Automation-linuxi-0c48ddcca5130622e	0	manual	NULL	128	1
212061	desktop	chrome	2	81	2023-09-08 15:32:34	NULL	NULL	https://jenkins-ci.aws-use1.build.myhrtg.net:8080/job/QA_Automations/job/remote_pre_dist_on_ec2/22706/HTML-Report-desktop-chrome-0	22706	remote_pre_dist_on_ec2	CD_AUTOMATION	canary-web-12.aws-use1.app.myhrtg.net_canary-utils-12.aws-use1.app.myhrtg.net	@cd_pre_dist,~@wip	EC2QA_Automation-cd_linuxi-0de4e6700bafc74e8	0	cd	43	74	1
212062	desktop	chrome	2	114	2023-09-08 15:38:00	NULL	NULL	https://jenkins-ci.aws-use1.build.myhrtg.net:8080/job/QA_Automations/job/remote_post_dist/21684/HTML-Report-desktop-chrome-0	21684	remote_post_dist	CD_AUTOMATION	prod	@cd_post_dist,~@wip	EC2QA_Automation-cd_linuxi-0de4e6700bafc74e8	0	cd	90	112	1
212063	iphone_x	chrome	2	4	2023-09-08 15:40:01	NULL	NULL	https://jenkins-ci.aws-use1.build.myhrtg.net:8080/job/QA_Automations/job/remote_post_dist/21684/HTML-Report-iphone_x-chrome-0	21684	remote_post_dist	CD_AUTOMATION	prod	@cd_post_dist%@mobile_embed,~@wip	EC2QA_Automation-cd_linuxi-0de4e6700bafc74e8	0	cd	15	33	1
212064	desktop	chrome	2	81	2023-09-08 15:45:37	NULL	NULL	https://jenkins-ci.aws-use1.build.myhrtg.net:8080/job/QA_Automations/job/remote_pre_dist_on_ec2/22707/HTML-Report-desktop-chrome-0	22707	remote_pre_dist_on_ec2	CD_AUTOMATION	canary-web-12.aws-use1.app.myhrtg.net_canary-utils-12.aws-use1.app.myhrtg.net	@cd_pre_dist,~@wip	EC2QA_Automation-cd_linuxi-0de4e6700bafc74e8	0	cd	43	76	1
212065	desktop	chrome	3	1714	2023-09-08 15:45:46	NULL	NULL	https://jenkins-ci.aws-use1.build.myhrtg.net:8080/job/QA_Automations/job/QA_Automations_Configurable/26756/HTML-Report-desktop-chrome-0	26756	QA_Automations_Configurable	anatolii.kandyba	prod	@content,~@wip	EC2QA_Automation-linuxi-047cc13f1b6caa1cc	0	manual	1882	1702	1
212066	ipad_current	chrome	3	45	2023-09-08 15:47:51	NULL	NULL	https://jenkins-ci.aws-use1.build.myhrtg.net:8080/job/QA_Automations/job/Multi_Run/4185/HTML-Report-ipad_current-chrome-2	4185	Multi_Run	kateryna.ushakova	prod	@in_range_multi,~@wip	EC2QA_Automation-linuxi-064d81b4f29d0edf9	0	manual	NULL	378	1
212067	android_phone	chrome	3	225	2023-09-08 15:55:09	NULL	NULL	https://jenkins-ci.aws-use1.build.myhrtg.net:8080/job/QA_Automations/job/Multi_Run/4185/HTML-Report-android_phone-chrome-1	4185	Multi_Run	kateryna.ushakova	prod	@in_range_multi,~@wip	EC2QA_Automation-linuxi-064d81b4f29d0edf9	0	manual	NULL	1370	1
212068	desktop	chrome	2	114	2023-09-08 15:57:17	NULL	NULL	https://jenkins-ci.aws-use1.build.myhrtg.net:8080/job/QA_Automations/job/remote_post_dist/21685/HTML-Report-desktop-chrome-0	21685	remote_post_dist	CD_AUTOMATION	prod	@cd_post_dist,~@wip	EC2QA_Automation-cd_linuxi-0de4e6700bafc74e8	0	cd	90	607	1
212069	iphone_x	chrome	2	4	2023-09-08 16:07:36	NULL	NULL	https://jenkins-ci.aws-use1.build.myhrtg.net:8080/job/QA_Automations/job/remote_post_dist/21685/HTML-Report-iphone_x-chrome-0	21685	remote_post_dist	CD_AUTOMATION	prod	@cd_post_dist%@mobile_embed,~@wip	EC2QA_Automation-cd_linuxi-0de4e6700bafc74e8	0	cd	15	35	1
212070	ipad_current	chrome	3	702	2023-09-08 16:14:21	NULL	NULL	https://jenkins-ci.aws-use1.build.myhrtg.net:8080/job/QA_Automations/job/QA_Automations_Configurable/26756/HTML-Report-ipad_current-chrome-0	26756	QA_Automations_Configurable	anatolii.kandyba	prod	@content,~@wip	EC2QA_Automation-linuxi-047cc13f1b6caa1cc	0	manual	211	369	1
212071	android_phone	chrome	3	45	2023-09-08 16:18:12	NULL	NULL	https://jenkins-ci.aws-use1.build.myhrtg.net:8080/job/QA_Automations/job/Multi_Run/4185/HTML-Report-android_phone-chrome-2	4185	Multi_Run	kateryna.ushakova	prod	@in_range_multi,~@wip	EC2QA_Automation-linuxi-064d81b4f29d0edf9	0	manual	NULL	301	1
212072	iphone6_current	chrome	3	257	2023-09-08 16:20:42	NULL	NULL	https://jenkins-ci.aws-use1.build.myhrtg.net:8080/job/QA_Automations/job/QA_Automations_Configurable/26756/HTML-Report-iphone6_current-chrome-0	26756	QA_Automations_Configurable	anatolii.kandyba	prod	@content,~@wip	EC2QA_Automation-linuxi-047cc13f1b6caa1cc	0	manual	109	461	1
212073	iphone_x	chrome	3	225	2023-09-08 16:23:23	NULL	NULL	https://jenkins-ci.aws-use1.build.myhrtg.net:8080/job/QA_Automations/job/Multi_Run/4185/HTML-Report-iphone_x-chrome-1	4185	Multi_Run	kateryna.ushakova	prod	@in_range_multi,~@wip	EC2QA_Automation-linuxi-064d81b4f29d0edf9	0	manual	NULL	1312	1
212074	ipad_current	chrome	3	28	2023-09-08 16:28:35	NULL	NULL	https://jenkins-ci.aws-use1.build.myhrtg.net:8080/job/QA_Automations/job/QA_Automations_Configurable/26757/HTML-Report-ipad_current-chrome-0	26757	QA_Automations_Configurable	anatolii.kandyba	prod	scenario_path	EC2QA_Automation-linuxi-047cc13f1b6caa1cc	0	manual	NULL	82	1
212075	iphone6_current	chrome	3	28	2023-09-08 16:32:30	NULL	NULL	https://jenkins-ci.aws-use1.build.myhrtg.net:8080/job/QA_Automations/job/QA_Automations_Configurable/26757/HTML-Report-iphone6_current-chrome-0	26757	QA_Automations_Configurable	anatolii.kandyba	prod	scenario_path	EC2QA_Automation-linuxi-00c3eadeb0b9877c6	0	manual	NULL	368	1
212076	ipad_current	chrome	3	707	2023-09-08 16:35:19	NULL	NULL	https://jenkins-ci.aws-use1.build.myhrtg.net:8080/job/QA_Automations/job/QA_Automations_Configurable/26758/HTML-Report-ipad_current-chrome-0	26758	QA_Automations_Configurable	anatolii.kandyba	prod	@content,@supersearch,~@wip	EC2QA_Automation-linuxi-047cc13f1b6caa1cc	0	manual	230	575	1
212077	ipad_current_portrait	chrome	3	712	2023-09-08 16:45:10	NULL	NULL	https://jenkins-ci.aws-use1.build.myhrtg.net:8080/job/QA_Automations/job/QA_Automations_Configurable/26758/HTML-Report-ipad_current_portrait-chrome-0	26758	QA_Automations_Configurable	anatolii.kandyba	prod	@content,@supersearch,~@wip	EC2QA_Automation-linuxi-047cc13f1b6caa1cc	0	manual	235	778	1
212078	iphone_x	chrome	3	45	2023-09-08 16:45:25	NULL	NULL	https://jenkins-ci.aws-use1.build.myhrtg.net:8080/job/QA_Automations/job/Multi_Run/4185/HTML-Report-iphone_x-chrome-2	4185	Multi_Run	kateryna.ushakova	prod	@in_range_multi,~@wip	EC2QA_Automation-linuxi-064d81b4f29d0edf9	0	manual	NULL	379	1
212079	desktop	chrome	2	24	2023-09-08 16:58:17	NULL	NULL	https://jenkins-ci.aws-use1.build.myhrtg.net:8080/job/QA_Automations/job/Old_News/job/Old_News_Pre_Dist/193/HTML-Report-desktop-chrome-0	193	Old_News_Pre_Dist	CD_AUTOMATION	prod	@cd_oldnews,~@wip	EC2QA_Automation-cd_linuxi-0de4e6700bafc74e8	0	cd	11	43	1
212080	iphone6_current	chrome	3	265	2023-09-08 16:58:28	NULL	NULL	https://jenkins-ci.aws-use1.build.myhrtg.net:8080/job/QA_Automations/job/QA_Automations_Configurable/26758/HTML-Report-iphone6_current-chrome-0	26758	QA_Automations_Configurable	anatolii.kandyba	prod	@content,@supersearch,~@wip	EC2QA_Automation-linuxi-00c3eadeb0b9877c6	0	manual	120	432	1
212081	desktop	chrome	2	24	2023-09-08 16:59:59	NULL	NULL	https://jenkins-ci.aws-use1.build.myhrtg.net:8080/job/QA_Automations/job/Old_News/job/Old_News_Post_Dist/129/HTML-Report-desktop-chrome-0	129	Old_News_Post_Dist	CD_AUTOMATION	prod	@cd_post_dist_oldnews,~@wip	EC2QA_Automation-cd_linuxi-0de4e6700bafc74e8	0	cd	11	44	1
212082	android_phone	chrome	3	262	2023-09-08 17:06:02	NULL	NULL	https://jenkins-ci.aws-use1.build.myhrtg.net:8080/job/QA_Automations/job/QA_Automations_Configurable/26758/HTML-Report-android_phone-chrome-0	26758	QA_Automations_Configurable	anatolii.kandyba	prod	@content,@supersearch,~@wip	EC2QA_Automation-linuxi-064d81b4f29d0edf9	0	manual	123	464	1
212083	iphone_xr	chrome	3	265	2023-09-08 17:14:10	NULL	NULL	https://jenkins-ci.aws-use1.build.myhrtg.net:8080/job/QA_Automations/job/QA_Automations_Configurable/26758/HTML-Report-iphone_xr-chrome-0	26758	QA_Automations_Configurable	anatolii.kandyba	prod	@content,@supersearch,~@wip	EC2QA_Automation-linuxi-00c3eadeb0b9877c6	0	manual	124	511	1
212084	desktop	chrome	3	225	2023-09-08 17:15:41	NULL	NULL	https://jenkins-ci.aws-use1.build.myhrtg.net:8080/job/QA_Automations/job/Multi_Run/4190/HTML-Report-desktop-chrome-1	4190	Multi_Run	kateryna.ushakova	prod	@in_range_multi,~@wip	EC2QA_Automation-linuxi-064d81b4f29d0edf9	0	manual	NULL	1518	1
212085	iphone_xs_max	chrome	3	265	2023-09-08 17:23:03	NULL	NULL	https://jenkins-ci.aws-use1.build.myhrtg.net:8080/job/QA_Automations/job/QA_Automations_Configurable/26758/HTML-Report-iphone_xs_max-chrome-0	26758	QA_Automations_Configurable	anatolii.kandyba	prod	@content,@supersearch,~@wip	EC2QA_Automation-linuxi-00c3eadeb0b9877c6	0	manual	129	468	1
212086	desktop	chrome	3	75	2023-09-08 17:28:39	NULL	NULL	https://jenkins-ci.aws-use1.build.myhrtg.net:8080/job/QA_Automations/job/Deploy_And_Run/32325/HTML-Report-desktop-chrome-0	32325	Deploy_And_Run	andrii.izbytskyi	webrc-11	scenario_path	EC2QA_Automation-linuxi-047cc13f1b6caa1cc	0	manual	NULL	317	1
212087	iphone_x	chrome	3	265	2023-09-08 17:31:10	NULL	NULL	https://jenkins-ci.aws-use1.build.myhrtg.net:8080/job/QA_Automations/job/QA_Automations_Configurable/26758/HTML-Report-iphone_x-chrome-0	26758	QA_Automations_Configurable	anatolii.kandyba	prod	@content,@supersearch,~@wip	EC2QA_Automation-linuxi-00c3eadeb0b9877c6	0	manual	125	443	1
212088	desktop	chrome	3	75	2023-09-08 17:34:17	NULL	NULL	https://jenkins-ci.aws-use1.build.myhrtg.net:8080/job/QA_Automations/job/Deploy_And_Run/32326/HTML-Report-desktop-chrome-0	32326	Deploy_And_Run	andrii.izbytskyi	webrc-12	scenario_path	EC2QA_Automation-linuxi-047cc13f1b6caa1cc	0	manual	NULL	758	1
212089	desktop	chrome	3	25	2023-09-08 17:35:27	NULL	NULL	https://jenkins-ci.aws-use1.build.myhrtg.net:8080/job/QA_Automations/job/Multi_Run/4191/HTML-Report-desktop-chrome-1	4191	Multi_Run	yevhen.perevera	prod	@eugene,~@wip	EC2QA_Automation-linuxi-06495ce364ae9af73	0	manual	NULL	284	1
212090	desktop	chrome	3	1809	2023-09-08 17:38:54	NULL	NULL	https://jenkins-ci.aws-use1.build.myhrtg.net:8080/job/QA_Automations/job/QA_Automations_Configurable/26758/HTML-Report-desktop-chrome-0	26758	QA_Automations_Configurable	anatolii.kandyba	prod	@content,@supersearch,~@wip	EC2QA_Automation-linuxi-00c3eadeb0b9877c6	0	manual	2234	1916	1
212091	desktop	chrome	3	45	2023-09-08 17:41:16	NULL	NULL	https://jenkins-ci.aws-use1.build.myhrtg.net:8080/job/QA_Automations/job/Multi_Run/4190/HTML-Report-desktop-chrome-2	4190	Multi_Run	kateryna.ushakova	prod	@in_range_multi,~@wip	EC2QA_Automation-linuxi-064d81b4f29d0edf9	0	manual	NULL	280	1
212092	ipad_current	chrome	3	225	2023-09-08 17:46:07	NULL	NULL	https://jenkins-ci.aws-use1.build.myhrtg.net:8080/job/QA_Automations/job/Multi_Run/4190/HTML-Report-ipad_current-chrome-1	4190	Multi_Run	kateryna.ushakova	prod	@in_range_multi,~@wip	EC2QA_Automation-linuxi-064d81b4f29d0edf9	0	manual	NULL	1463	1
212093	desktop	chrome	2	81	2023-09-08 17:55:33	NULL	NULL	https://jenkins-ci.aws-use1.build.myhrtg.net:8080/job/QA_Automations/job/remote_pre_dist_on_ec2/22708/HTML-Report-desktop-chrome-0	22708	remote_pre_dist_on_ec2	CD_AUTOMATION	canary-web-12.aws-use1.app.myhrtg.net_canary-utils-12.aws-use1.app.myhrtg.net	@cd_pre_dist,~@wip	EC2QA_Automation-cd_linuxi-0de4e6700bafc74e8	0	cd	43	70	1
212094	pixel3_os13_phone	native_android	2	17	2023-09-08 18:03:35	NULL	NULL	https://jenkins-ci.aws-use1.build.myhrtg.net:8080/job/Mobile_App/job/Reimagine%20Android%20Automations/97/HTML-Report-native_android-native_android-0	97	Reimagine%20Android%20Automations	timer	prod	@reimagine_daily_run,~@wip	static-node-for-mobile-automations	0	manual	1700	1031	1
212095	desktop	chrome	2	24	2023-09-08 18:03:57	NULL	NULL	https://jenkins-ci.aws-use1.build.myhrtg.net:8080/job/QA_Automations/job/Old_News/job/Old_News_Pre_Dist/194/HTML-Report-desktop-chrome-0	194	Old_News_Pre_Dist	CD_AUTOMATION	prod	@cd_oldnews,~@wip	EC2QA_Automation-cd_linuxi-0de4e6700bafc74e8	0	cd	11	44	1
212096	desktop	chrome	2	24	2023-09-08 18:05:25	NULL	NULL	https://jenkins-ci.aws-use1.build.myhrtg.net:8080/job/QA_Automations/job/Old_News/job/Old_News_Post_Dist/130/HTML-Report-desktop-chrome-0	130	Old_News_Post_Dist	CD_AUTOMATION	prod	@cd_post_dist_oldnews,~@wip	EC2QA_Automation-cd_linuxi-0de4e6700bafc74e8	0	cd	11	40	1
212097	desktop	chrome	2	114	2023-09-08 18:07:53	NULL	NULL	https://jenkins-ci.aws-use1.build.myhrtg.net:8080/job/QA_Automations/job/remote_post_dist/21686/HTML-Report-desktop-chrome-0	21686	remote_post_dist	CD_AUTOMATION	prod	@cd_post_dist,~@wip	EC2QA_Automation-cd_linuxi-0de4e6700bafc74e8	0	cd	90	136	1
212098	iphone_x	chrome	2	4	2023-09-08 18:10:17	NULL	NULL	https://jenkins-ci.aws-use1.build.myhrtg.net:8080/job/QA_Automations/job/remote_post_dist/21686/HTML-Report-iphone_x-chrome-0	21686	remote_post_dist	CD_AUTOMATION	prod	@cd_post_dist%@mobile_embed,~@wip	EC2QA_Automation-cd_linuxi-0de4e6700bafc74e8	0	cd	15	35	1
212099	ipad_current	chrome	3	45	2023-09-08 18:10:46	NULL	NULL	https://jenkins-ci.aws-use1.build.myhrtg.net:8080/job/QA_Automations/job/Multi_Run/4190/HTML-Report-ipad_current-chrome-2	4190	Multi_Run	kateryna.ushakova	prod	@in_range_multi,~@wip	EC2QA_Automation-linuxi-047cc13f1b6caa1cc	0	manual	NULL	378	1
212100	desktop	firefox	3	1787	2023-09-08 18:11:13	NULL	NULL	https://jenkins-ci.aws-use1.build.myhrtg.net:8080/job/QA_Automations/job/QA_Automations_Configurable/26758/HTML-Report-desktop-firefox-0	26758	QA_Automations_Configurable	anatolii.kandyba	prod	@content,@supersearch,~@wip	EC2QA_Automation-linuxi-00c3eadeb0b9877c6	0	manual	7200	32471	1
212101	android_phone	chrome	3	225	2023-09-08 18:18:00	NULL	NULL	https://jenkins-ci.aws-use1.build.myhrtg.net:8080/job/QA_Automations/job/Multi_Run/4190/HTML-Report-android_phone-chrome-1	4190	Multi_Run	kateryna.ushakova	prod	@in_range_multi,~@wip	EC2QA_Automation-linuxi-064d81b4f29d0edf9	0	manual	NULL	1384	1
212102	android_phone	chrome	3	45	2023-09-08 18:41:24	NULL	NULL	https://jenkins-ci.aws-use1.build.myhrtg.net:8080/job/QA_Automations/job/Multi_Run/4190/HTML-Report-android_phone-chrome-2	4190	Multi_Run	kateryna.ushakova	prod	@in_range_multi,~@wip	EC2QA_Automation-linuxi-047cc13f1b6caa1cc	0	manual	NULL	310	1
212103	iphone_x	chrome	3	225	2023-09-08 18:46:45	NULL	NULL	https://jenkins-ci.aws-use1.build.myhrtg.net:8080/job/QA_Automations/job/Multi_Run/4190/HTML-Report-iphone_x-chrome-1	4190	Multi_Run	kateryna.ushakova	prod	@in_range_multi,~@wip	EC2QA_Automation-linuxi-064d81b4f29d0edf9	0	manual	NULL	1310	1
212104	iphone_x	chrome	3	45	2023-09-08 19:08:47	NULL	NULL	https://jenkins-ci.aws-use1.build.myhrtg.net:8080/job/QA_Automations/job/Multi_Run/4190/HTML-Report-iphone_x-chrome-2	4190	Multi_Run	kateryna.ushakova	prod	@in_range_multi,~@wip	EC2QA_Automation-linuxi-064d81b4f29d0edf9	0	manual	NULL	305	1
212105	desktop	chrome	2	1	2023-09-08 20:03:52	NULL	NULL	https://jenkins-ci.aws-use1.build.myhrtg.net:8080/job/QA_Automations/job/Maintenance_Pipelines/job/Automations_Subtasks_Cleanup/1348/HTML-Report-desktop-chrome-0	1348	Automations_Subtasks_Cleanup	NULL	prod	@automations_jira_cleanup,~@wip	EC2QA_Automation-linuxi-03c5f979dfce2370e	0	manual	100	83	1
212107	desktop	chrome	2	81	2023-09-08 21:42:43	NULL	NULL	https://jenkins-ci.aws-use1.build.myhrtg.net:8080/job/QA_Automations/job/remote_pre_dist_on_ec2/22709/HTML-Report-desktop-chrome-0	22709	remote_pre_dist_on_ec2	CD_AUTOMATION	canary-web-12.aws-use1.app.myhrtg.net_canary-utils-12.aws-use1.app.myhrtg.net	@cd_pre_dist,~@wip	EC2QA_Automation-cd_linuxi-045b3394330decd0e	0	cd	43	142	1
212108	pixel3_os13_phone	native_android	2	67	2023-09-08 22:04:02	NULL	NULL	https://jenkins-ci.aws-use1.build.myhrtg.net:8080/job/Mobile_App/job/Android%20Automations/1732/HTML-Report-native_android-native_android-0	1732	Android%20Automations	Daily_Automations	prod	@mobile_daily_run,~@wip	static-node-for-mobile-automations	0	morning	6700	2108	1
212109	desktop	chrome	2	114	2023-09-08 22:08:12	NULL	NULL	https://jenkins-ci.aws-use1.build.myhrtg.net:8080/job/QA_Automations/job/remote_post_dist/21687/HTML-Report-desktop-chrome-0	21687	remote_post_dist	CD_AUTOMATION	prod	@cd_post_dist,~@wip	EC2QA_Automation-cd_linuxi-045b3394330decd0e	0	cd	90	148	1
212110	iphone_x	chrome	2	4	2023-09-08 22:10:53	NULL	NULL	https://jenkins-ci.aws-use1.build.myhrtg.net:8080/job/QA_Automations/job/remote_post_dist/21687/HTML-Report-iphone_x-chrome-0	21687	remote_post_dist	CD_AUTOMATION	prod	@cd_post_dist%@mobile_embed,~@wip	EC2QA_Automation-cd_linuxi-045b3394330decd0e	0	cd	15	37	1
212111	desktop	chrome	2	81	2023-09-08 22:51:49	NULL	NULL	https://jenkins-ci.aws-use1.build.myhrtg.net:8080/job/QA_Automations/job/remote_pre_dist_on_ec2/22710/HTML-Report-desktop-chrome-0	22710	remote_pre_dist_on_ec2	CD_AUTOMATION	canary-web-12.aws-use1.app.myhrtg.net_canary-utils-12.aws-use1.app.myhrtg.net	@cd_pre_dist,~@wip	EC2QA_Automation-cd_linuxi-045b3394330decd0e	0	cd	43	78	1
212112	desktop	chrome	2	114	2023-09-08 23:05:19	NULL	NULL	https://jenkins-ci.aws-use1.build.myhrtg.net:8080/job/QA_Automations/job/remote_post_dist/21688/HTML-Report-desktop-chrome-0	21688	remote_post_dist	CD_AUTOMATION	prod	@cd_post_dist,~@wip	EC2QA_Automation-cd_linuxi-045b3394330decd0e	0	cd	90	108	1
212113	iphone_x	chrome	2	4	2023-09-08 23:07:15	NULL	NULL	https://jenkins-ci.aws-use1.build.myhrtg.net:8080/job/QA_Automations/job/remote_post_dist/21688/HTML-Report-iphone_x-chrome-0	21688	remote_post_dist	CD_AUTOMATION	prod	@cd_post_dist%@mobile_embed,~@wip	EC2QA_Automation-cd_linuxi-045b3394330decd0e	0	cd	15	37	1
212114	desktop	chrome	6	69	2023-09-09 00:39:16	NULL	NULL	https://jenkins-ci.aws-use1.build.myhrtg.net:8080/job/QA_Automations/job/QA_Automations_Configurable/26759/HTML-Report-desktop-chrome-0	26759	QA_Automations_Configurable	automation.gituser	10.228.183.24	@cd_aws,~@wip	EC2QA_Automation_STGAWS-linuxi-0040d6c91c45146e7	0	manual	200	303	1
212115	desktop	firefox	5	69	2023-09-09 03:03:48	NULL	NULL	https://jenkins-ci.aws-use1.build.myhrtg.net:8080/job/QA_Automations/job/QA_Daily_Run/2684/HTML-Report-desktop-firefox-0	2684	QA_Daily_Run	Daily_Automations	prod	@cd_all,~@wip	EC2QA_Automation-linuxi-0a0d41d405f28e534	0	morning	107	21388	1
212116	desktop	safari	3	1807	2023-09-09 03:12:56	NULL	NULL	https://jenkins-ci.aws-use1.build.myhrtg.net:8080/job/QA_Automations/job/QA_Automations_Configurable/26758/HTML-Report-desktop-safari-0	26758	QA_Automations_Configurable	anatolii.kandyba	prod	@content,@supersearch,~@wip	static-node-for-safari-automations	0	manual	7300	3487	1
212117	desktop	chrome	4	4633	2023-09-09 03:03:48	NULL	NULL	https://jenkins-ci.aws-use1.build.myhrtg.net:8080/job/QA_Automations/job/QA_Daily_Run/2684/HTML-Report-desktop-chrome-0	2684	QA_Daily_Run	Daily_Automations	prod	@full,~@wip	EC2QA_Automation-linuxi-09a7d7a48f0f5ec89	0	morning	7110	12083	1
212118	desktop	chrome	2	1	2023-09-09 20:03:57	NULL	NULL	https://jenkins-ci.aws-use1.build.myhrtg.net:8080/job/QA_Automations/job/Maintenance_Pipelines/job/Automations_Subtasks_Cleanup/1349/HTML-Report-desktop-chrome-0	1349	Automations_Subtasks_Cleanup	NULL	prod	@automations_jira_cleanup,~@wip	EC2QA_Automation-linuxi-0adb7efc797b001b2	0	manual	100	82	0
212119	desktop	chrome	3	10	2023-09-09 20:03:56	NULL	NULL	https://jenkins-ci.aws-use1.build.myhrtg.net:8080/job/QA_Automations/job/Maintenance_Pipelines/job/QA_Nightly_Cleanup/1356/HTML-Report-desktop-chrome-0	1356	QA_Nightly_Cleanup	NULL	prod	@nightly_cleanup,~@wip	EC2QA_Automation-linuxi-0ee8d64a2cefaab49	0	manual	100	373	0
212120	iPhone_14_Pro-16_2	native_ios	2	89	2023-09-10 02:04:26	NULL	NULL	https://jenkins-ci.aws-use1.build.myhrtg.net:8080/job/Mobile_App/job/iOS%20Automations/948/HTML-Report-native_iphone-native_ios-0	948	iOS%20Automations	Daily_Automations	prod	@mobile_daily_run,~@wip	static-node-for-mobile-automations	0	morning	8900	6066	0
212121	iphone_xr	chrome	4	1820	2023-09-10 03:03:40	NULL	NULL	https://jenkins-ci.aws-use1.build.myhrtg.net:8080/job/QA_Automations/job/QA_Daily_Run/2685/HTML-Report-iphone_xr-chrome-0	2685	QA_Daily_Run	Daily_Automations	prod	@full,~@wip	EC2QA_Automation-linuxi-0a62cce808de7892e	0	morning	3639	4718	0
212122	desktop	chrome	4	4633	2023-09-10 03:03:40	NULL	NULL	https://jenkins-ci.aws-use1.build.myhrtg.net:8080/job/QA_Automations/job/QA_Daily_Run/2685/HTML-Report-desktop-chrome-0	2685	QA_Daily_Run	Daily_Automations	prod	@full,~@wip	EC2QA_Automation-linuxi-03496aff11fc03940	0	morning	7090	8814	0
212123	ipad_current	chrome	3	122	2023-09-10 03:32:34	NULL	NULL	https://jenkins-ci.aws-use1.build.myhrtg.net:8080/job/QA_Automations/job/QA_Daily_Devices/77/HTML-Report-ipad_current-chrome-0	77	QA_Daily_Devices	timer	10.228.162.211	@sanity,~@wip	EC2QA_Automation_STGAWS-linuxi-000129f0a55688b2c	0	manual	220	897	0
212124	ipad_current_portrait	chrome	3	122	2023-09-10 03:47:59	NULL	NULL	https://jenkins-ci.aws-use1.build.myhrtg.net:8080/job/QA_Automations/job/QA_Daily_Devices/77/HTML-Report-ipad_current_portrait-chrome-0	77	QA_Daily_Devices	timer	10.228.162.211	@sanity,~@wip	EC2QA_Automation_STGAWS-linuxi-000129f0a55688b2c	0	manual	223	744	0
212125	iphone6_current	chrome	3	98	2023-09-10 04:00:42	NULL	NULL	https://jenkins-ci.aws-use1.build.myhrtg.net:8080/job/QA_Automations/job/QA_Daily_Devices/77/HTML-Report-iphone6_current-chrome-0	77	QA_Daily_Devices	timer	10.228.162.211	@sanity,~@wip	EC2QA_Automation_STGAWS-linuxi-000129f0a55688b2c	0	manual	173	588	0
212126	android_phone	chrome	3	97	2023-09-10 04:10:50	NULL	NULL	https://jenkins-ci.aws-use1.build.myhrtg.net:8080/job/QA_Automations/job/QA_Daily_Devices/77/HTML-Report-android_phone-chrome-0	77	QA_Daily_Devices	timer	10.228.162.211	@sanity,~@wip	EC2QA_Automation_STGAWS-linuxi-000129f0a55688b2c	0	manual	171	552	0
212127	iphone_xr	chrome	3	99	2023-09-10 04:20:22	NULL	NULL	https://jenkins-ci.aws-use1.build.myhrtg.net:8080/job/QA_Automations/job/QA_Daily_Devices/77/HTML-Report-iphone_xr-chrome-0	77	QA_Daily_Devices	timer	10.228.162.211	@sanity,~@wip	EC2QA_Automation_STGAWS-linuxi-000129f0a55688b2c	0	manual	176	553	0
212128	iphone_xs_max	chrome	3	99	2023-09-10 04:29:55	NULL	NULL	https://jenkins-ci.aws-use1.build.myhrtg.net:8080/job/QA_Automations/job/QA_Daily_Devices/77/HTML-Report-iphone_xs_max-chrome-0	77	QA_Daily_Devices	timer	10.228.162.211	@sanity,~@wip	EC2QA_Automation_STGAWS-linuxi-000129f0a55688b2c	0	manual	179	544	0
212129	iphone_x	chrome	3	99	2023-09-10 04:39:19	NULL	NULL	https://jenkins-ci.aws-use1.build.myhrtg.net:8080/job/QA_Automations/job/QA_Daily_Devices/77/HTML-Report-iphone_x-chrome-0	77	QA_Daily_Devices	timer	10.228.162.211	@sanity,~@wip	EC2QA_Automation_STGAWS-linuxi-000129f0a55688b2c	0	manual	181	588	0
212130	iPhone_14_Pro-16_2	native_ios	2	27	2023-09-10 06:04:42	NULL	NULL	https://jenkins-ci.aws-use1.build.myhrtg.net:8080/job/Mobile_App/job/Reimagine%20iOS%20Automations/117/HTML-Report-native_iphone-native_ios-0	117	Reimagine%20iOS%20Automations	timer	prod	@reimagine_daily_run,~@wip	static-node-for-mobile-automations	0	manual	2700	2082	0
212131	desktop	chrome	3	1119	2023-09-10 07:32:56	NULL	NULL	https://jenkins-ci.aws-use1.build.myhrtg.net:8080/job/QA_Automations/job/STG_AWS_Daily/503/HTML-Report-desktop-chrome-0	503	STG_AWS_Daily	timer	10.228.175.46	@cd_aws,@billing,@health_band,~@wip	EC2QA_Automation_STGAWS-linuxi-0454fa16deb970f3f	0	manual	2563	8714	0
212132	desktop	safari	3	39	2023-09-10 08:00:18	NULL	NULL	https://jenkins-ci.aws-use1.build.myhrtg.net:8080/job/QA_Automations/job/Daily_Safari_Automations/327/HTML-Report-desktop-safari-0	327	Daily_Safari_Automations	timer	prod	@cd_all,~@family_graph,@safari_daily,~@wip	static-node-for-safari-automations	0	manual	3900	667	0
212133	desktop	chrome	3	462	2023-09-10 08:00:05	NULL	NULL	https://jenkins-ci.aws-use1.build.myhrtg.net:8080/job/QA_Automations/job/Deploy_And_Run/32327/HTML-Report-desktop-chrome-0	32327	Deploy_And_Run	dmitry.smeliansky	webrc-11	@cd_all,@billing,~@wip	EC2QA_Automation-linuxi-0c1dcabf1c395c785	0	manual	474	1453	0
212134	desktop	chrome	3	145	2023-09-10 08:03:29	NULL	NULL	https://jenkins-ci.aws-use1.build.myhrtg.net:8080/job/QA_Automations/job/Visual%20Testing%20Daily%20Pipeline/184/HTML-Report-desktop-chrome-0	184	Visual%20Testing%20Daily%20Pipeline	NULL	prod	@visual_testing,~@wip	EC2QA_Automation-linuxi-06e8503593fddde27	0	manual	14500	3361	0
212136	desktop	chrome	2	81	2023-09-10 08:37:06	NULL	NULL	https://jenkins-ci.aws-use1.build.myhrtg.net:8080/job/QA_Automations/job/remote_pre_dist_on_ec2/22711/HTML-Report-desktop-chrome-0	22711	remote_pre_dist_on_ec2	CD_AUTOMATION	canary-web-12.aws-use1.app.myhrtg.net_canary-utils-12.aws-use1.app.myhrtg.net	@cd_pre_dist,~@wip	EC2QA_Automation-cd_linuxi-0452eb65b8e08dbac	0	cd	43	138	0
212137	desktop	chrome	2	114	2023-09-10 08:46:13	NULL	NULL	https://jenkins-ci.aws-use1.build.myhrtg.net:8080/job/QA_Automations/job/remote_post_dist/21689/HTML-Report-desktop-chrome-0	21689	remote_post_dist	CD_AUTOMATION	prod	@cd_post_dist,~@wip	EC2QA_Automation-cd_linuxi-0452eb65b8e08dbac	0	cd	92	111	0
212138	iphone_x	chrome	2	4	2023-09-10 08:48:13	NULL	NULL	https://jenkins-ci.aws-use1.build.myhrtg.net:8080/job/QA_Automations/job/remote_post_dist/21689/HTML-Report-iphone_x-chrome-0	21689	remote_post_dist	CD_AUTOMATION	prod	@cd_post_dist%@mobile_embed,~@wip	EC2QA_Automation-cd_linuxi-0452eb65b8e08dbac	0	cd	15	36	0
212139	desktop	chrome	2	81	2023-09-10 08:54:50	NULL	NULL	https://jenkins-ci.aws-use1.build.myhrtg.net:8080/job/QA_Automations/job/remote_pre_dist_on_ec2/22712/HTML-Report-desktop-chrome-0	22712	remote_pre_dist_on_ec2	CD_AUTOMATION	canary-web-12.aws-use1.app.myhrtg.net_canary-utils-12.aws-use1.app.myhrtg.net	@cd_pre_dist,~@wip	EC2QA_Automation-cd_linuxi-0452eb65b8e08dbac	0	cd	43	72	0
212140	desktop	chrome	2	114	2023-09-10 09:15:27	NULL	NULL	https://jenkins-ci.aws-use1.build.myhrtg.net:8080/job/QA_Automations/job/remote_post_dist/21690/HTML-Report-desktop-chrome-0	21690	remote_post_dist	CD_AUTOMATION	prod	@cd_post_dist,~@wip	EC2QA_Automation-cd_linuxi-0452eb65b8e08dbac	0	cd	92	118	0
212141	iphone_x	chrome	2	4	2023-09-10 09:17:34	NULL	NULL	https://jenkins-ci.aws-use1.build.myhrtg.net:8080/job/QA_Automations/job/remote_post_dist/21690/HTML-Report-iphone_x-chrome-0	21690	remote_post_dist	CD_AUTOMATION	prod	@cd_post_dist%@mobile_embed,~@wip	EC2QA_Automation-cd_linuxi-0452eb65b8e08dbac	0	cd	15	36	0
212142	desktop	chrome	2	81	2023-09-10 09:23:49	NULL	NULL	https://jenkins-ci.aws-use1.build.myhrtg.net:8080/job/QA_Automations/job/remote_pre_dist_on_ec2/22713/HTML-Report-desktop-chrome-0	22713	remote_pre_dist_on_ec2	CD_AUTOMATION	canary-web-12.aws-use1.app.myhrtg.net_canary-utils-12.aws-use1.app.myhrtg.net	@cd_pre_dist,~@wip	EC2QA_Automation-cd_linuxi-0452eb65b8e08dbac	0	cd	43	74	0
212143	desktop	chrome	2	114	2023-09-10 09:28:03	NULL	NULL	https://jenkins-ci.aws-use1.build.myhrtg.net:8080/job/QA_Automations/job/remote_post_dist/21691/HTML-Report-desktop-chrome-0	21691	remote_post_dist	CD_AUTOMATION	prod	@cd_post_dist,~@wip	EC2QA_Automation-cd_linuxi-0452eb65b8e08dbac	0	cd	92	110	0
212144	iphone_x	chrome	2	4	2023-09-10 09:30:01	NULL	NULL	https://jenkins-ci.aws-use1.build.myhrtg.net:8080/job/QA_Automations/job/remote_post_dist/21691/HTML-Report-iphone_x-chrome-0	21691	remote_post_dist	CD_AUTOMATION	prod	@cd_post_dist%@mobile_embed,~@wip	EC2QA_Automation-cd_linuxi-0452eb65b8e08dbac	0	cd	15	32	0
212145	desktop	chrome	3	1	2023-09-10 10:11:09	NULL	NULL	https://jenkins-ci.aws-use1.build.myhrtg.net:8080/job/QA_Automations/job/QA_Automations_Configurable/26760/HTML-Report-desktop-chrome-0	26760	QA_Automations_Configurable	joni.kotaniemi	prod	@joni,~@wip	EC2QA_Automation-linuxi-063557184f2ca16ec	0	manual	100	98	0
212146	iphone6_current	chrome	3	1	2023-09-10 10:13:06	NULL	NULL	https://jenkins-ci.aws-use1.build.myhrtg.net:8080/job/QA_Automations/job/QA_Automations_Configurable/26760/HTML-Report-iphone6_current-chrome-0	26760	QA_Automations_Configurable	joni.kotaniemi	prod	@joni,~@wip	EC2QA_Automation-linuxi-063557184f2ca16ec	0	manual	100	29	0
212147	desktop	chrome	3	1	2023-09-10 10:15:24	NULL	NULL	https://jenkins-ci.aws-use1.build.myhrtg.net:8080/job/QA_Automations/job/QA_Automations_Configurable/26761/HTML-Report-desktop-chrome-0	26761	QA_Automations_Configurable	joni.kotaniemi	prod	@joni,~@wip	EC2QA_Automation-linuxi-063557184f2ca16ec	0	manual	100	61	0
212148	iphone6_current	chrome	3	1	2023-09-10 10:16:37	NULL	NULL	https://jenkins-ci.aws-use1.build.myhrtg.net:8080/job/QA_Automations/job/QA_Automations_Configurable/26761/HTML-Report-iphone6_current-chrome-0	26761	QA_Automations_Configurable	joni.kotaniemi	prod	@joni,~@wip	EC2QA_Automation-linuxi-063557184f2ca16ec	0	manual	100	69	0
212149	desktop	chrome	2	81	2023-09-10 11:11:11	NULL	NULL	https://jenkins-ci.aws-use1.build.myhrtg.net:8080/job/QA_Automations/job/remote_pre_dist_on_ec2/22714/HTML-Report-desktop-chrome-0	22714	remote_pre_dist_on_ec2	CD_AUTOMATION	canary-web-12.aws-use1.app.myhrtg.net_canary-utils-12.aws-use1.app.myhrtg.net	@cd_pre_dist,~@wip	EC2QA_Automation-cd_linuxi-0452eb65b8e08dbac	0	cd	43	78	0
212150	desktop	chrome	2	114	2023-09-10 11:21:33	NULL	NULL	https://jenkins-ci.aws-use1.build.myhrtg.net:8080/job/QA_Automations/job/remote_post_dist/21692/HTML-Report-desktop-chrome-0	21692	remote_post_dist	CD_AUTOMATION	prod	@cd_post_dist,~@wip	EC2QA_Automation-cd_linuxi-0452eb65b8e08dbac	0	cd	92	112	0
212151	iphone_x	chrome	2	4	2023-09-10 11:23:33	NULL	NULL	https://jenkins-ci.aws-use1.build.myhrtg.net:8080/job/QA_Automations/job/remote_post_dist/21692/HTML-Report-iphone_x-chrome-0	21692	remote_post_dist	CD_AUTOMATION	prod	@cd_post_dist%@mobile_embed,~@wip	EC2QA_Automation-cd_linuxi-0452eb65b8e08dbac	0	cd	15	38	0
212152	desktop	chrome	2	81	2023-09-10 11:47:47	NULL	NULL	https://jenkins-ci.aws-use1.build.myhrtg.net:8080/job/QA_Automations/job/remote_pre_dist_on_ec2/22715/HTML-Report-desktop-chrome-0	22715	remote_pre_dist_on_ec2	CD_AUTOMATION	canary-web-12.aws-use1.app.myhrtg.net_canary-utils-12.aws-use1.app.myhrtg.net	@cd_pre_dist,~@wip	EC2QA_Automation-cd_linuxi-0452eb65b8e08dbac	0	cd	43	78	0
212153	desktop	chrome	2	114	2023-09-10 11:59:14	NULL	NULL	https://jenkins-ci.aws-use1.build.myhrtg.net:8080/job/QA_Automations/job/remote_post_dist/21693/HTML-Report-desktop-chrome-0	21693	remote_post_dist	CD_AUTOMATION	prod	@cd_post_dist,~@wip	EC2QA_Automation-cd_linuxi-0452eb65b8e08dbac	0	cd	92	108	0
212154	iphone_x	chrome	2	4	2023-09-10 12:01:10	NULL	NULL	https://jenkins-ci.aws-use1.build.myhrtg.net:8080/job/QA_Automations/job/remote_post_dist/21693/HTML-Report-iphone_x-chrome-0	21693	remote_post_dist	CD_AUTOMATION	prod	@cd_post_dist%@mobile_embed,~@wip	EC2QA_Automation-cd_linuxi-0452eb65b8e08dbac	0	cd	15	37	0
212155	iPhone_14_Pro-16_2	native_ios	2	27	2023-09-10 12:10:23	NULL	NULL	https://jenkins-ci.aws-use1.build.myhrtg.net:8080/job/Mobile_App/job/Reimagine%20iOS%20Automations/118/HTML-Report-native_iphone-native_ios-0	118	Reimagine%20iOS%20Automations	richard.houta	prod	@reimagine_daily_run,~@wip	static-node-for-mobile-automations	0	manual	2700	2334	0
212156	desktop	chrome	4	4633	2023-09-10 12:03:54	NULL	NULL	https://jenkins-ci.aws-use1.build.myhrtg.net:8080/job/QA_Automations/job/QA_Daily_Run/2686/HTML-Report-desktop-chrome-0	2686	QA_Daily_Run	Daily_Automations	prod	@full,~@wip	EC2QA_Automation-linuxi-0cd8d89bea962bc10	0	mid-day	7130	8946	0
212157	desktop	chrome	2	81	2023-09-10 12:18:13	NULL	NULL	https://jenkins-ci.aws-use1.build.myhrtg.net:8080/job/QA_Automations/job/remote_pre_dist_on_ec2/22716/HTML-Report-desktop-chrome-0	22716	remote_pre_dist_on_ec2	CD_AUTOMATION	canary-web-12.aws-use1.app.myhrtg.net_canary-utils-12.aws-use1.app.myhrtg.net	@cd_pre_dist,~@wip	EC2QA_Automation-cd_linuxi-0452eb65b8e08dbac	0	cd	43	81	0
212158	desktop	chrome	2	114	2023-09-10 12:27:20	NULL	NULL	https://jenkins-ci.aws-use1.build.myhrtg.net:8080/job/QA_Automations/job/remote_post_dist/21694/HTML-Report-desktop-chrome-0	21694	remote_post_dist	CD_AUTOMATION	prod	@cd_post_dist,~@wip	EC2QA_Automation-cd_linuxi-0452eb65b8e08dbac	0	cd	93	105	0
212159	iphone_x	chrome	2	4	2023-09-10 12:29:14	NULL	NULL	https://jenkins-ci.aws-use1.build.myhrtg.net:8080/job/QA_Automations/job/remote_post_dist/21694/HTML-Report-iphone_x-chrome-0	21694	remote_post_dist	CD_AUTOMATION	prod	@cd_post_dist%@mobile_embed,~@wip	EC2QA_Automation-cd_linuxi-0452eb65b8e08dbac	0	cd	15	37	0
212160	desktop	chrome	2	81	2023-09-10 12:41:39	NULL	NULL	https://jenkins-ci.aws-use1.build.myhrtg.net:8080/job/QA_Automations/job/remote_pre_dist_on_ec2/22717/HTML-Report-desktop-chrome-0	22717	remote_pre_dist_on_ec2	CD_AUTOMATION	canary-web-12.aws-use1.app.myhrtg.net_canary-utils-12.aws-use1.app.myhrtg.net	@cd_pre_dist,~@wip	EC2QA_Automation-cd_linuxi-0452eb65b8e08dbac	0	cd	42	75	0
212161	desktop	chrome	2	114	2023-09-10 12:52:56	NULL	NULL	https://jenkins-ci.aws-use1.build.myhrtg.net:8080/job/QA_Automations/job/remote_post_dist/21695/HTML-Report-desktop-chrome-0	21695	remote_post_dist	CD_AUTOMATION	prod	@cd_post_dist,~@wip	EC2QA_Automation-cd_linuxi-0452eb65b8e08dbac	0	cd	92	136	0
212162	iphone_x	chrome	2	4	2023-09-10 12:55:25	NULL	NULL	https://jenkins-ci.aws-use1.build.myhrtg.net:8080/job/QA_Automations/job/remote_post_dist/21695/HTML-Report-iphone_x-chrome-0	21695	remote_post_dist	CD_AUTOMATION	prod	@cd_post_dist%@mobile_embed,~@wip	EC2QA_Automation-cd_linuxi-0452eb65b8e08dbac	0	cd	15	34	0
212163	pixel3_os13_phone	native_android	2	67	2023-09-10 13:04:34	NULL	NULL	https://jenkins-ci.aws-use1.build.myhrtg.net:8080/job/Mobile_App/job/Android%20Automations/1733/HTML-Report-native_android-native_android-0	1733	Android%20Automations	efrat.swirski	prod	@mobile_daily_run,~@wip	static-node-for-mobile-automations	0	manual	6700	11987	0
212164	desktop	chrome	2	81	2023-09-10 13:45:38	NULL	NULL	https://jenkins-ci.aws-use1.build.myhrtg.net:8080/job/QA_Automations/job/remote_pre_dist_on_ec2/22718/HTML-Report-desktop-chrome-0	22718	remote_pre_dist_on_ec2	CD_AUTOMATION	canary-web-12.aws-use1.app.myhrtg.net_canary-utils-12.aws-use1.app.myhrtg.net	@cd_pre_dist,~@wip	EC2QA_Automation-cd_linuxi-0452eb65b8e08dbac	0	cd	42	76	0
212165	desktop	chrome	2	114	2023-09-10 13:50:39	NULL	NULL	https://jenkins-ci.aws-use1.build.myhrtg.net:8080/job/QA_Automations/job/remote_post_dist/21696/HTML-Report-desktop-chrome-0	21696	remote_post_dist	CD_AUTOMATION	prod	@cd_post_dist,~@wip	EC2QA_Automation-cd_linuxi-0452eb65b8e08dbac	0	cd	92	161	0
212166	iphone_x	chrome	2	4	2023-09-10 13:53:35	NULL	NULL	https://jenkins-ci.aws-use1.build.myhrtg.net:8080/job/QA_Automations/job/remote_post_dist/21696/HTML-Report-iphone_x-chrome-0	21696	remote_post_dist	CD_AUTOMATION	prod	@cd_post_dist%@mobile_embed,~@wip	EC2QA_Automation-cd_linuxi-0452eb65b8e08dbac	0	cd	15	34	0
212167	desktop	chrome	2	81	2023-09-10 14:01:07	NULL	NULL	https://jenkins-ci.aws-use1.build.myhrtg.net:8080/job/QA_Automations/job/remote_pre_dist_on_ec2/22719/HTML-Report-desktop-chrome-0	22719	remote_pre_dist_on_ec2	CD_AUTOMATION	canary-web-12.aws-use1.app.myhrtg.net_canary-utils-12.aws-use1.app.myhrtg.net	@cd_pre_dist,~@wip	EC2QA_Automation-cd_linuxi-0452eb65b8e08dbac	0	cd	42	72	0
212168	desktop	chrome	2	114	2023-09-10 14:13:34	NULL	NULL	https://jenkins-ci.aws-use1.build.myhrtg.net:8080/job/QA_Automations/job/remote_post_dist/21697/HTML-Report-desktop-chrome-0	21697	remote_post_dist	CD_AUTOMATION	prod	@cd_post_dist,~@wip	EC2QA_Automation-cd_linuxi-0452eb65b8e08dbac	0	cd	92	102	0
212169	iphone_x	chrome	2	4	2023-09-10 14:15:24	NULL	NULL	https://jenkins-ci.aws-use1.build.myhrtg.net:8080/job/QA_Automations/job/remote_post_dist/21697/HTML-Report-iphone_x-chrome-0	21697	remote_post_dist	CD_AUTOMATION	prod	@cd_post_dist%@mobile_embed,~@wip	EC2QA_Automation-cd_linuxi-0452eb65b8e08dbac	0	cd	15	32	0
212170	desktop	firefox	3	1	2023-09-10 14:20:29	NULL	NULL	https://jenkins-ci.aws-use1.build.myhrtg.net:8080/job/QA_Automations/job/QA_Automations_Configurable/26762/HTML-Report-desktop-firefox-0	26762	QA_Automations_Configurable	eden.cohen	prod	scenario_path	EC2QA_Automation-linuxi-0af352a88d2afa2b3	0	manual	NULL	162	0
212171	desktop	chrome	2	81	2023-09-10 14:27:47	NULL	NULL	https://jenkins-ci.aws-use1.build.myhrtg.net:8080/job/QA_Automations/job/remote_pre_dist_on_ec2/22720/HTML-Report-desktop-chrome-0	22720	remote_pre_dist_on_ec2	CD_AUTOMATION	canary-web-12.aws-use1.app.myhrtg.net_canary-utils-12.aws-use1.app.myhrtg.net	@cd_pre_dist,~@wip	EC2QA_Automation-cd_linuxi-0452eb65b8e08dbac	0	cd	42	77	0
212172	desktop	chrome	2	114	2023-09-10 14:38:56	NULL	NULL	https://jenkins-ci.aws-use1.build.myhrtg.net:8080/job/QA_Automations/job/remote_post_dist/21698/HTML-Report-desktop-chrome-0	21698	remote_post_dist	CD_AUTOMATION	prod	@cd_post_dist,~@wip	EC2QA_Automation-cd_linuxi-0452eb65b8e08dbac	0	cd	92	177	0
212173	iphone_x	chrome	2	4	2023-09-10 14:42:01	NULL	NULL	https://jenkins-ci.aws-use1.build.myhrtg.net:8080/job/QA_Automations/job/remote_post_dist/21698/HTML-Report-iphone_x-chrome-0	21698	remote_post_dist	CD_AUTOMATION	prod	@cd_post_dist%@mobile_embed,~@wip	EC2QA_Automation-cd_linuxi-0452eb65b8e08dbac	0	cd	15	38	0
212174	desktop	chrome	3	24	2023-09-10 14:42:46	NULL	NULL	https://jenkins-ci.aws-use1.build.myhrtg.net:8080/job/QA_Automations/job/QA_Automations_Configurable/26764/HTML-Report-desktop-chrome-0	26764	QA_Automations_Configurable	eden.cohen	prod	@ai_search,~@wip	EC2QA_Automation-linuxi-0af352a88d2afa2b3	0	manual	100	141	0
212175	desktop	chrome	2	81	2023-09-10 14:47:02	NULL	NULL	https://jenkins-ci.aws-use1.build.myhrtg.net:8080/job/QA_Automations/job/remote_pre_dist_on_ec2/22721/HTML-Report-desktop-chrome-0	22721	remote_pre_dist_on_ec2	CD_AUTOMATION	canary-web-12.aws-use1.app.myhrtg.net_canary-utils-12.aws-use1.app.myhrtg.net	@cd_pre_dist,~@wip	EC2QA_Automation-cd_linuxi-0452eb65b8e08dbac	0	cd	42	76	0
212176	desktop	chrome	2	114	2023-09-10 14:58:15	NULL	NULL	https://jenkins-ci.aws-use1.build.myhrtg.net:8080/job/QA_Automations/job/remote_post_dist/21699/HTML-Report-desktop-chrome-0	21699	remote_post_dist	CD_AUTOMATION	prod	@cd_post_dist,~@wip	EC2QA_Automation-cd_linuxi-0452eb65b8e08dbac	0	cd	92	103	0
212177	iphone_x	chrome	2	4	2023-09-10 15:00:07	NULL	NULL	https://jenkins-ci.aws-use1.build.myhrtg.net:8080/job/QA_Automations/job/remote_post_dist/21699/HTML-Report-iphone_x-chrome-0	21699	remote_post_dist	CD_AUTOMATION	prod	@cd_post_dist%@mobile_embed,~@wip	EC2QA_Automation-cd_linuxi-0452eb65b8e08dbac	0	cd	15	38	0
212178	desktop	chrome	2	81	2023-09-10 15:06:15	NULL	NULL	https://jenkins-ci.aws-use1.build.myhrtg.net:8080/job/QA_Automations/job/remote_pre_dist_on_ec2/22722/HTML-Report-desktop-chrome-0	22722	remote_pre_dist_on_ec2	CD_AUTOMATION	canary-web-12.aws-use1.app.myhrtg.net_canary-utils-12.aws-use1.app.myhrtg.net	@cd_pre_dist,~@wip	EC2QA_Automation-cd_linuxi-0452eb65b8e08dbac	0	cd	42	71	0
212179	desktop	chrome	2	114	2023-09-10 15:18:04	NULL	NULL	https://jenkins-ci.aws-use1.build.myhrtg.net:8080/job/QA_Automations/job/remote_post_dist/21700/HTML-Report-desktop-chrome-0	21700	remote_post_dist	CD_AUTOMATION	prod	@cd_post_dist,~@wip	EC2QA_Automation-cd_linuxi-0452eb65b8e08dbac	0	cd	92	111	0
212180	iphone_x	chrome	2	4	2023-09-10 15:20:03	NULL	NULL	https://jenkins-ci.aws-use1.build.myhrtg.net:8080/job/QA_Automations/job/remote_post_dist/21700/HTML-Report-iphone_x-chrome-0	21700	remote_post_dist	CD_AUTOMATION	prod	@cd_post_dist%@mobile_embed,~@wip	EC2QA_Automation-cd_linuxi-0452eb65b8e08dbac	0	cd	15	37	0
212181	desktop	chrome	2	81	2023-09-10 15:26:06	NULL	NULL	https://jenkins-ci.aws-use1.build.myhrtg.net:8080/job/QA_Automations/job/remote_pre_dist_on_ec2/22723/HTML-Report-desktop-chrome-0	22723	remote_pre_dist_on_ec2	CD_AUTOMATION	canary-web-12.aws-use1.app.myhrtg.net_canary-utils-12.aws-use1.app.myhrtg.net	@cd_pre_dist,~@wip	EC2QA_Automation-cd_linuxi-0452eb65b8e08dbac	0	cd	42	79	0
212182	desktop	chrome	2	114	2023-09-10 15:38:06	NULL	NULL	https://jenkins-ci.aws-use1.build.myhrtg.net:8080/job/QA_Automations/job/remote_post_dist/21701/HTML-Report-desktop-chrome-0	21701	remote_post_dist	CD_AUTOMATION	prod	@cd_post_dist,~@wip	EC2QA_Automation-cd_linuxi-0452eb65b8e08dbac	0	cd	92	109	0
212183	iphone_x	chrome	2	4	2023-09-10 15:40:04	NULL	NULL	https://jenkins-ci.aws-use1.build.myhrtg.net:8080/job/QA_Automations/job/remote_post_dist/21701/HTML-Report-iphone_x-chrome-0	21701	remote_post_dist	CD_AUTOMATION	prod	@cd_post_dist%@mobile_embed,~@wip	EC2QA_Automation-cd_linuxi-0452eb65b8e08dbac	0	cd	15	46	0
212184	desktop	chrome	2	81	2023-09-10 15:45:58	NULL	NULL	https://jenkins-ci.aws-use1.build.myhrtg.net:8080/job/QA_Automations/job/remote_pre_dist_on_ec2/22724/HTML-Report-desktop-chrome-0	22724	remote_pre_dist_on_ec2	CD_AUTOMATION	canary-web-12.aws-use1.app.myhrtg.net_canary-utils-12.aws-use1.app.myhrtg.net	@cd_pre_dist,~@wip	EC2QA_Automation-cd_linuxi-0452eb65b8e08dbac	0	cd	42	73	0
212185	desktop	chrome	2	114	2023-09-10 15:58:14	NULL	NULL	https://jenkins-ci.aws-use1.build.myhrtg.net:8080/job/QA_Automations/job/remote_post_dist/21702/HTML-Report-desktop-chrome-0	21702	remote_post_dist	CD_AUTOMATION	prod	@cd_post_dist,~@wip	EC2QA_Automation-cd_linuxi-0452eb65b8e08dbac	0	cd	92	114	0
212186	iphone_x	chrome	2	4	2023-09-10 16:00:16	NULL	NULL	https://jenkins-ci.aws-use1.build.myhrtg.net:8080/job/QA_Automations/job/remote_post_dist/21702/HTML-Report-iphone_x-chrome-0	21702	remote_post_dist	CD_AUTOMATION	prod	@cd_post_dist%@mobile_embed,~@wip	EC2QA_Automation-cd_linuxi-0452eb65b8e08dbac	0	cd	15	37	0
212187	desktop	chrome	2	81	2023-09-10 16:09:18	NULL	NULL	https://jenkins-ci.aws-use1.build.myhrtg.net:8080/job/QA_Automations/job/remote_pre_dist_on_ec2/22725/HTML-Report-desktop-chrome-0	22725	remote_pre_dist_on_ec2	CD_AUTOMATION	canary-web-12.aws-use1.app.myhrtg.net_canary-utils-12.aws-use1.app.myhrtg.net	@cd_pre_dist,~@wip	EC2QA_Automation-cd_linuxi-0452eb65b8e08dbac	0	cd	42	71	0
212188	desktop	chrome	2	114	2023-09-10 16:18:11	NULL	NULL	https://jenkins-ci.aws-use1.build.myhrtg.net:8080/job/QA_Automations/job/remote_post_dist/21703/HTML-Report-desktop-chrome-0	21703	remote_post_dist	CD_AUTOMATION	prod	@cd_post_dist,~@wip	EC2QA_Automation-cd_linuxi-0452eb65b8e08dbac	0	cd	92	109	0
212189	iphone_x	chrome	2	4	2023-09-10 16:20:08	NULL	NULL	https://jenkins-ci.aws-use1.build.myhrtg.net:8080/job/QA_Automations/job/remote_post_dist/21703/HTML-Report-iphone_x-chrome-0	21703	remote_post_dist	CD_AUTOMATION	prod	@cd_post_dist%@mobile_embed,~@wip	EC2QA_Automation-cd_linuxi-0452eb65b8e08dbac	0	cd	15	37	0
212190	desktop	chrome	2	81	2023-09-10 16:26:02	NULL	NULL	https://jenkins-ci.aws-use1.build.myhrtg.net:8080/job/QA_Automations/job/remote_pre_dist_on_ec2/22726/HTML-Report-desktop-chrome-0	22726	remote_pre_dist_on_ec2	CD_AUTOMATION	canary-web-12.aws-use1.app.myhrtg.net_canary-utils-12.aws-use1.app.myhrtg.net	@cd_pre_dist,~@wip	EC2QA_Automation-cd_linuxi-0452eb65b8e08dbac	0	cd	42	75	0
212191	desktop	chrome	3	470	2023-09-10 16:31:59	NULL	NULL	https://jenkins-ci.aws-use1.build.myhrtg.net:8080/job/QA_Automations/job/Deploy_And_Run/32329/HTML-Report-desktop-chrome-0	32329	Deploy_And_Run	ariel.fenster	webrc-11	@cd_all,@registration,@site_band,~@wip	EC2QA_Automation-linuxi-0bca9312f1b92e895	0	manual	354	750	0
212192	desktop	chrome	3	1	2023-09-10 16:33:04	NULL	NULL	https://jenkins-ci.aws-use1.build.myhrtg.net:8080/job/QA_Automations/job/QA_Automations_Configurable/26765/HTML-Report-desktop-chrome-0	26765	QA_Automations_Configurable	joni.kotaniemi	prod	@joni,~@wip	EC2QA_Automation-linuxi-006663e30fb87f94a	0	manual	100	71	0
212193	iphone6_current	chrome	3	1	2023-09-10 16:34:29	NULL	NULL	https://jenkins-ci.aws-use1.build.myhrtg.net:8080/job/QA_Automations/job/QA_Automations_Configurable/26765/HTML-Report-iphone6_current-chrome-0	26765	QA_Automations_Configurable	joni.kotaniemi	prod	@joni,~@wip	EC2QA_Automation-linuxi-006663e30fb87f94a	0	manual	100	31	0
212194	iPhone_14_Pro-16_2	native_ios	2	89	2023-09-10 16:35:05	NULL	NULL	https://jenkins-ci.aws-use1.build.myhrtg.net:8080/job/Mobile_App/job/iOS%20Automations/954/HTML-Report-native_iphone-native_ios-0	954	iOS%20Automations	richard.houta	prod	@mobile_daily_run,~@wip	static-node-for-mobile-automations	0	manual	8900	8478	0
212195	desktop	chrome	2	114	2023-09-10 16:37:57	NULL	NULL	https://jenkins-ci.aws-use1.build.myhrtg.net:8080/job/QA_Automations/job/remote_post_dist/21704/HTML-Report-desktop-chrome-0	21704	remote_post_dist	CD_AUTOMATION	prod	@cd_post_dist,~@wip	EC2QA_Automation-cd_linuxi-0452eb65b8e08dbac	0	cd	92	108	0
212196	desktop	chrome	3	1	2023-09-10 16:38:07	NULL	NULL	https://jenkins-ci.aws-use1.build.myhrtg.net:8080/job/QA_Automations/job/QA_Automations_Configurable/26766/HTML-Report-desktop-chrome-0	26766	QA_Automations_Configurable	joni.kotaniemi	prod	@joni,~@wip	EC2QA_Automation-linuxi-006663e30fb87f94a	0	manual	100	56	0
212197	iphone6_current	chrome	3	1	2023-09-10 16:39:15	NULL	NULL	https://jenkins-ci.aws-use1.build.myhrtg.net:8080/job/QA_Automations/job/QA_Automations_Configurable/26766/HTML-Report-iphone6_current-chrome-0	26766	QA_Automations_Configurable	joni.kotaniemi	prod	@joni,~@wip	EC2QA_Automation-linuxi-006663e30fb87f94a	0	manual	100	32	0
212198	iphone_x	chrome	2	4	2023-09-10 16:39:52	NULL	NULL	https://jenkins-ci.aws-use1.build.myhrtg.net:8080/job/QA_Automations/job/remote_post_dist/21704/HTML-Report-iphone_x-chrome-0	21704	remote_post_dist	CD_AUTOMATION	prod	@cd_post_dist%@mobile_embed,~@wip	EC2QA_Automation-cd_linuxi-0452eb65b8e08dbac	0	cd	15	35	0
212199	iphone_x	chrome	3	160	2023-09-10 16:44:43	NULL	NULL	https://jenkins-ci.aws-use1.build.myhrtg.net:8080/job/QA_Automations/job/Deploy_And_Run/32329/HTML-Report-iphone_x-chrome-0	32329	Deploy_And_Run	ariel.fenster	webrc-11	@cd_all,@registration,@site_band,~@wip	EC2QA_Automation-linuxi-0bca9312f1b92e895	0	manual	162	598	0
212200	desktop	chrome	2	81	2023-09-10 17:20:43	NULL	NULL	https://jenkins-ci.aws-use1.build.myhrtg.net:8080/job/QA_Automations/job/remote_pre_dist_on_ec2/22727/HTML-Report-desktop-chrome-0	22727	remote_pre_dist_on_ec2	CD_AUTOMATION	canary-web-12.aws-use1.app.myhrtg.net_canary-utils-12.aws-use1.app.myhrtg.net	@cd_pre_dist,~@wip	EC2QA_Automation-cd_linuxi-0452eb65b8e08dbac	0	cd	42	76	0
212201	desktop	chrome	2	114	2023-09-10 17:35:54	NULL	NULL	https://jenkins-ci.aws-use1.build.myhrtg.net:8080/job/QA_Automations/job/remote_post_dist/21705/HTML-Report-desktop-chrome-0	21705	remote_post_dist	CD_AUTOMATION	prod	@cd_post_dist,~@wip	EC2QA_Automation-cd_linuxi-0452eb65b8e08dbac	0	cd	92	108	0
212202	iphone_x	chrome	2	4	2023-09-10 17:37:51	NULL	NULL	https://jenkins-ci.aws-use1.build.myhrtg.net:8080/job/QA_Automations/job/remote_post_dist/21705/HTML-Report-iphone_x-chrome-0	21705	remote_post_dist	CD_AUTOMATION	prod	@cd_post_dist%@mobile_embed,~@wip	EC2QA_Automation-cd_linuxi-0452eb65b8e08dbac	0	cd	15	37	0
212203	desktop	chrome	3	470	2023-09-10 17:47:35	NULL	NULL	https://jenkins-ci.aws-use1.build.myhrtg.net:8080/job/QA_Automations/job/Deploy_And_Run/32330/HTML-Report-desktop-chrome-0	32330	Deploy_And_Run	ariel.fenster	webrc-11	@cd_all,@registration,@site_band,@password_strength,@preflight_password_policy,~@wip	EC2QA_Automation-linuxi-0de2d867046a5bb9d	0	manual	354	716	0
212204	desktop	chrome	3	470	2023-09-10 17:50:34	NULL	NULL	https://jenkins-ci.aws-use1.build.myhrtg.net:8080/job/QA_Automations/job/Deploy_And_Run/32331/HTML-Report-desktop-chrome-0	32331	Deploy_And_Run	ariel.fenster	webrc-12	@cd_all,@registration,@site_band,@password_strength,@preflight_password_policy,~@wip	EC2QA_Automation-linuxi-0b52ebd064d663c34	0	manual	354	800	0
212205	iphone_x	chrome	3	160	2023-09-10 17:59:50	NULL	NULL	https://jenkins-ci.aws-use1.build.myhrtg.net:8080/job/QA_Automations/job/Deploy_And_Run/32330/HTML-Report-iphone_x-chrome-0	32330	Deploy_And_Run	ariel.fenster	webrc-11	@cd_all,@registration,@site_band,@password_strength,@preflight_password_policy,~@wip	EC2QA_Automation-linuxi-0de2d867046a5bb9d	0	manual	162	749	0
212206	iphone_x	chrome	3	160	2023-09-10 18:04:09	NULL	NULL	https://jenkins-ci.aws-use1.build.myhrtg.net:8080/job/QA_Automations/job/Deploy_And_Run/32331/HTML-Report-iphone_x-chrome-0	32331	Deploy_And_Run	ariel.fenster	webrc-12	@cd_all,@registration,@site_band,@password_strength,@preflight_password_policy,~@wip	EC2QA_Automation-linuxi-0b52ebd064d663c34	0	manual	162	570	0
212207	pixel3_os13_phone	native_android	2	17	2023-09-10 19:00:13	NULL	NULL	https://jenkins-ci.aws-use1.build.myhrtg.net:8080/job/Mobile_App/job/Reimagine%20Android%20Automations/98/HTML-Report-native_android-native_android-0	98	Reimagine%20Android%20Automations	timer	prod	@reimagine_daily_run,~@wip	static-node-for-mobile-automations	0	manual	1700	1019	0
212208	desktop	chrome	2	1	2023-09-10 20:03:37	NULL	NULL	https://jenkins-ci.aws-use1.build.myhrtg.net:8080/job/QA_Automations/job/Maintenance_Pipelines/job/Automations_Subtasks_Cleanup/1350/HTML-Report-desktop-chrome-0	1350	Automations_Subtasks_Cleanup	NULL	prod	@automations_jira_cleanup,~@wip	EC2QA_Automation-linuxi-0c8e39f9840037950	0	manual	100	76	0
212210	pixel3_os13_phone	native_android	2	67	2023-09-10 22:03:54	NULL	NULL	https://jenkins-ci.aws-use1.build.myhrtg.net:8080/job/Mobile_App/job/Android%20Automations/1734/HTML-Report-native_android-native_android-0	1734	Android%20Automations	Daily_Automations	prod	@mobile_daily_run,~@wip	static-node-for-mobile-automations	0	morning	6700	NULL	0